term,occurence
way,368
party,409
new,668
sat,414
sun,237
book,153
folder,896
la,380
ca,482
price,189
shall,290
gas,234
temp,46
million,40
legal,637
center,235
original,716
winter,55
please,2369
night,156
one,245
course,38
review,173
per,193
migration,44
purchase,280
restore,39
change,229
acceptable,37
sold,19
trip,74
old,52
holiday,99
setoff,18
walk,24
company,174
man,28
meeting,67
address,155
credit,232
agreement,373
contract,341
statement,23
amendment,152
portfolio,17
outage,217
activity,21
march,81
corp,346
call,287
plan,55
point,68
know,258
see,196
delivery,72
ensure,26
energy,147
thanks,417
may,421
quantity,25
membership,42
regulatory,18
photo,24
downtown,20
event,90
responsibility,18
office,71
report,98
portal,14
rate,45
fiscal,10
analysis,22
friend,41
city,248
need,304
phone,245
jeff,31
time,495
draft,160
forward,147
contact,204
server,114
berry,8
action,19
attached,285
award,19
card,74
would,287
month,56
notice,132
pay,54
effective,51
sale,136
st,150
section,193
limited,105
transfer,29
fire,14
virus,22
go,151
